inst_no,inst_name
1030,Brightshores Health System-Lion's Head
1059,St. Thomas Elgin General Hospital
1060,St. Thomas Elgin General Hospital
1067,Erie Shores Healthcare
1068,Erie Shores Healthcare
1079,Windsor Regional Hospital-Metropolitan
1100,Kingston General Hospital
1112,Providence Care Hospital
1124,Hanover and District Hospital
1125,Hanover and District Hospital
1146,Haldimand War Memorial Hospital
1147,Haldimand War Memorial Hospital
1149,West Haldimand General
1150,West Haldimand General
1160,Joseph Brant Hospital
1161,Joseph Brant Hospital
1199,Clinton Public Hospital
1200,Clinton Public Hospital
1203,South Huron Hospital
1204,South Huron Hospital
1206,Alexandra Marine and General Hospital
1207,Alexandra Marine and General Hospital
1213,Seaforth Community Hospital
1214,Seaforth Community Hospital
1217,Wingham and District Hospital
1218,Wingham and District Hospital
1223,Chatham-Kent Health Alliance - Chatham Site
1228,Chatham-Kent Health Alliance - Chatham Site
1239,Chatham-Kent Health Alliance - Sydenham Site
1254,Almonte General Hospital
1256,Carleton Place and District Memorial Hospital
1269,Perth and Smiths Falls District Hospital - Smiths Falls
1273,Brockville General Hospital
1284,Kemptville District Hospital
1285,Kemptville District Hospital
1295,Lennox and Addington County General Hospital
1296,Lennox and Addington County General Hospital
1302,Toronto East Health Network-Michael Garron Hospital
1315,Baycrest Hospital
1330,North York General Hospital - General Site
1332,Don Mills Surgical Unit
1337,St. Johns Rehabitation Hospital
1338,St. Joseph's Infirmary
1343,Humber River Health-York Finch
1355,Providence Healthcare
1356,Providence Healthcare
1406,Hospital for Sick Children
1423,Mount Sinai Hospital
1436,Bridgepoint Hospital
1437,Bridgepoint Hospital
1441,Runnymede Healthcare Centre
1443,St. Joseph's Health Centre
1444,St. Michael's Hospital
1469,West Park Healthcare Centre
1471,West Park Healthcare Centre
1497,St. Joseph's Health Care London-St. Joseph's
1507,Four Counties Health Services
1508,Four Counties Health Services
1515,Strathroy Middlesex General Hospital
1516,Strathroy Middlesex General Hospital
1538,West Lincoln Memorial
1539,West Lincoln Memorial
1591,Norfolk General Hospital
1592,Norfolk General Hospital
1597,Campbellford Memorial Hospital
1657,Children's Hospital of Eastern Ontario
1661,Hôpital Montfort
1681,Queensway Carleton Hospital
1696,Alexandra Hospital
1697,Alexandra Hospital
1709,Tillsonburg District Memorial
1710,Tillsonburg District Memorial
1716,Woodstock Hospital
1717,Woodstock Hospital
1718,Woodstock Private Hospital
1740,Listowel Memorial Hospital
1741,Listowel Memorial Hospital
1748,St Marys Memorial Hospital
1754,Stratford General Hospital
1755,Stratford General Hospital
1768,Peterborough Regional Health Centre
1769,Peterborough Regional Health Centre
1777,Hawkesbury and District General Hospital
1799,Arnprior Regional Health
1800,Arnprior Regional Health
1801,St. Francis Memorial Hospital
1803,Deep River and District Hospital
1804,Pembroke Regional  Hospital
1805,Pembroke Regional  Hospital
1813,Renfrew Victoria Hospital
1814,Renfrew Victoria Hospital
1817,Stevenson Memorial Hospital
1825,Royal Victoria Regional Health Centre
1826,Royal Victoria Regional Health Centre
1833,Collingwood General and Marine Hospital
1844,Georgian Bay General Hospital - Midland
1853,Orillia Soldiers' Memorial Hospital
1854,Orillia Soldiers' Memorial Hospital
1858,Beechwood Private Hospital
1870,Glengarry Memorial Hospital
1885,Winchester District Memorial Hospital
1886,Winchester District Memorial Hospital
1893,Ross Memorial Hospital
1894,Ross Memorial Hospital
1905,Cambridge Memorial Hospital
1906,Cambridge Memorial Hospital
1912,Grand River Hospital - Freeport
1921,St. Mary's General Hospital
1936,Groves Memorial Community Hospital
1937,Groves Memorial Community Hospital
1946,Guelph General Hospital
1952,St. Joseph's Health Centre Guelph
1982,Hamilton Health Sciences - General
1983,Hamilton Health Sciences - Juravinski
1994,Hamilton Health Sciences - McMaster
2003,St. Joseph's Healthcare Hamilton-Charlton Campus
2006,St. Peter's
2038,Southlake Regional Health Centre
2046,Mackenzie Health-Richmond Hill
2049,Shouldice Hospital
2057,North Shore Health Network-Blind River
2058,St. Joseph's General Hospital - Elliot Lake
2059,St. Joseph's General Hospital - Elliot Lake
2061,Hornepayne Community Hospital
2064,Saut Area Hospital-Richards Landing
2075,Saut Area Hospital-Thessalon
2076,Lady Dunn Health Centre
2078,Lady Minto Hospital
2079,Lady Minto Hospital
2080,James Bay General-Fort Albany
2082,Notre Dame Hospital
2083,Notre Dame Hospital
2084,Anson General Hospital
2088,Sensenbrenner Hospital
2089,Sensenbrenner Hospital
2090,Bingham Memorial Hospital
2091,Weeneebayko General Hospital
2092,James Bay General-Moosonee
2094,Smooth Rock Falls Hospital
2101,James Bay General-Attawapiskat
2103,Dryden Regional Health Centre
2104,Dryden Regional Health Centre
2110,Lake-of-the-Woods District Hospital
2115,Red Lake Margaret Cochenour Memorial Hospital
2121,Manitoulin Health Centre-Little Current
2123,Manitoulin Health Centre-Mindemoya
2126,Mattawa General Hospital
2147,Atikokan General Hospital
2148,Riverside Health Care-Emo
2150,Riverside Health Care-La Verendrye
2151,Riverside Health Care-La Verendrye
2153,Riverside Health Care-Rainy River
2173,Chapleau Health Services
2174,Espanola General Hospital
2175,Geraldton District Hospital
2176,Manitouwadge General Hospital
2177,Wilson Memorial General Hospital
2178,Nipigon District Memorial Hospital
2180,McCausland Hospital
2204,Englehart and District Hospital
2207,Temiskaming Hospital
2208,Temiskaming Hospital
2211,Kirkland and District Hospital
2212,Kirkland and District Hospital
2217,Southlake Regional Health Centre
2218,Mackenzie Health-Richmond Hill
2219,Chatham-Kent Health Alliance - Sydenham Site
2223,Providence Care Hospital
2224,Lake-of-the-Woods District Hospital
2399,Glengarry Memorial Hospital
2626,Chatham-Kent Health Alliance - Chatham Site
2628,St. Francis Memorial Hospital
2629,Almonte General Hospital
2771,Southlake Regional Health Centre
2809,Chapleau Health Services
2812,West Nipissing General Hospital
28184,University Health Network-West Park Healthcare
28185,Huron Perth Healthcare Alliance-Clinton
28186,Huron Perth Healthcare Alliance-St. Marys
28187,Huron Perth Healthcare Alliance-Seaforth
28188,Huron Perth Healthcare Alliance-Stratford
2839,North Shore Health Network-Blind River
2841,West Nipissing General Hospital
2842,Atikokan General Hospital
2933,Salvation Army Toronto Grace Health Centre
3024,Hôpital Montfort
3149,St Marys Memorial Hospital
3153,Anson General Hospital
3154,Red Lake Margaret Cochenour Memorial Hospital
3155,St. Joseph's Healthcare Hamilton-Charlton Campus
3156,Geraldton District Hospital
3158,Nipigon District Memorial Hospital
3167,Englehart and District Hospital
3168,Espanola General Hospital
3169,Mattawa General Hospital
3171,Bingham Memorial Hospital
3240,Salvation Army Toronto Grace Health Centre
3241,St. Joseph's Healthcare Hamilton-Charlton Campus
3247,McCausland Hospital
3286,Credit Valley Hospital
3287,Credit Valley Hospital
3288,Credit Valley Hospital
3329,Hawkesbury and District General Hospital
3402,James Bay General-Attawapiskat
3411,North Bay General-Civic
3412,North Bay General-St. Joseph
3413,North Bay General-St. Joseph
3414,Timmins and District Hospital
3415,Timmins and District Hospital
3416,Timmins and District Hospital
3438,Bellwood Health Services
3439,Baycrest Hospital
3455,James Bay General-Fort Albany
3459,Casey House Hospice
3507,Royal Victoria Regional Health Centre
3586,Smooth Rock Falls Hospital
3587,Oak Valley Health-Markham Stouffville Hospital
3588,Oak Valley Health-Markham Stouffville Hospital
3589,Hotel Dieu Hospital of Cornwall
3612,Stratford General Hospital
3617,Peterborough Regional Health Centre
3656,Riverside Health Care-Emo
3669,Wilson Memorial General Hospital
3684,Headwaters Health Care Centre-Dufferin
3685,Headwaters Health Care Centre-Shelburne
3687,Penetanguishene General
3707,Hotel-Dieu Grace Hospital
3717,Penetanguishene General
3729,West Parry Sound Health Centre
3730,West Parry Sound Health Centre
3732,Perth and Smiths Falls District Hospital - Perth
3733,Perth and Smiths Falls District Hospital - Perth
3734,Grand River Hospital - Kitchener-Waterloo
3735,Grand River Hospital - Freeport
3736,Grand River Hospital - Kitchener-Waterloo
3737,Haliburton Highlands Health Services - Haliburton
3778,Joseph Brant Hospital
3781,Bruyère Continuing Care - Saint-Vincent Hospital
3782,Bruyère Continuing Care - Elisabeth Bruyere Hospital
3845,Windsor Regional Hospital-Western
3846,Windsor Regional Hospital-Western
3850,London Health Sciences Centre
3853,Thunder Bay Regional Health Sciences Centre
3855,Holland Bloorview Kids Rehabilitation Hospital
3856,Holland Bloorview Kids Rehabilitation Hospital
3858,Mackenzie Health-Richmond Hill
3860,Northumberland Hills Hospital
3861,Northumberland Hills Hospital
3879,Hamilton Health Sciences - Chedoke
3880,Hamilton Health Sciences - Juravinski
3881,Hamilton Health Sciences - Chedoke
3883,Humber River Health-Church (Memorial)
3884,St. Joseph's Health Care London-Parkwood
3890,St. Joseph's Care Group
3891,St. Joseph's Care Group
3892,St. Joseph's Care Group
3897,Wingham and District Hospital
3905,St. Johns Rehabitation Hospital
3907,South Bruce Grey Health Centre - Kincardine
3910,University Health Network
3912,St. Joseph's Health Centre Guelph
3915,St. Joseph's Health Care London-Parkwood
3916,St. Joseph's Health Care London-Parkwood
3917,Trillium Health Centre-Mississauga
3918,Trillium Health Centre-Queensway
3920,North Shore Health Network-Blind River
3926,Halton Healthcare Services - Oakville
3927,Halton Healthcare Services - Oakville
3929,William Osler Health System - Etobicoke
3930,William Osler Health System - Etobicoke
3932,Lakeridge Health - Oshawa
3933,Lakeridge Health - Oshawa
3934,Lakeridge Health - Oshawa
3936,Sunnybrook Health Sciences Centre - Bayview Campus
3937,Sunnybrook Health Sciences Centre - Bayview Campus
3939,Sunnybrook Health Sciences Centre - Bayview Campus
3940,Rouge Valley Health System-Centenary
3941,Rouge Valley Health System-Centenary
3943,Rouge Valley Health System-Centenary
3944,Brightshores Health System-Owen Sound
3945,Brightshores Health System-Owen Sound
3946,Brightshores Health System-Owen Sound
3948,St. Vincent De Paul-Brockville
3949,Toronto Rehabilitation Institute-Bickle Centre
3950,Toronto Rehabilitation Institute-Hillcrest
3951,Toronto Rehabilitation Institute-Lyndhurst
3969,Hospital for Sick Children
3970,Queensway Carleton Hospital
3972,Sault Area Hospital
3974,Wilson Memorial General Hospital
3975,Scarborough Hospital-General Site
3978,Niagara Health System - Welland Hospital
3982,Niagara Health System-Niagara Falls
3983,Hotel Dieu Shaver Health and Rehabilitation Centre
3984,Scarborough Hospital-Birchmount
3985,St. Michael's Hospital
3986,Credit Valley Hospital
3987,Royal Victoria Regional Health Centre
3988,Quinte Health-Belleville
3989,Quinte Health-Belleville
3990,Quinte Health-Belleville
3991,Quinte Health-North Hastings
3992,Quinte Health-Picton
3994,Quinte Health-Trenton
3995,Quinte Health-Trenton
4001,Southlake Regional Health Centre
4005,Lakeridge Health - Port Perry
4008,Lakeridge Health - Bowmanville
4009,Lakeridge Health - Bowmanville
4014,Rouge Valley Health System-Ajax
4016,William Osler Health System-Peel Memorial
4017,William Osler Health System-Peel Memorial
4022,Halton Healthcare Services - Milton
4023,Halton Healthcare Services - Milton
4025,Brightshores Health System-Markdale
4027,Brightshores Health System-Meaford
4030,Brightshores Health System-Southampton
4033,Brightshores Health System-Wiarton
4036,South Bruce Grey Health Centre - Durham
4039,South Bruce Grey Health Centre - Walkerton
4042,South Bruce Grey Health Centre - Chesley
4044,Guelph General Hospital
4045,Niagara Health System - St. Catharines
4046,Ottawa Hospital-Civic Campus
4048,Ottawa Hospital-General Campus
4052,William Osler Health System-Peel Memorial
4053,Espanola General Hospital
4054,St. Joseph's Healthcare Hamilton-Charlton Campus
4055,St. Joseph's Healthcare Hamilton-King
4056,St. Joseph's Health Centre
4057,Woodstock Hospital
4058,Alexandra Hospital
4059,Health Sciences North - Ramsey Lake Health Centre
4060,Health Sciences North - Ramsey Lake Health Centre
4061,Health Sciences North - Ramsey Lake Health Centre
4063,Health Sciences North - Ramsey Lake Health Centre
4070,Haldimand War Memorial Hospital
4071,Pembroke Regional  Hospital
4073,Peterborough Regional Health Centre
4074,Clinton Public Hospital
4075,Seaforth Community Hospital
4076,St. Thomas Elgin General Hospital
4077,Campbellford Memorial Hospital
4078,South Huron Hospital
4079,Ottawa Hospital-Civic Campus
4080,Ottawa Hospital-Riverside Campus
4081,South Bruce Grey Health Centre - Durham
4082,Alexandra Marine and General Hospital
4085,Ottawa Hospital-General Campus
4088,West Haldimand General
4089,Humber River Health-York Finch
4090,Trillium Health Centre-Mississauga
4091,Children's Hospital of Eastern Ontario
4092,Lennox and Addington County General Hospital
4093,Tillsonburg District Memorial
4094,South Bruce Grey Health Centre - Kincardine
4095,South Bruce Grey Health Centre - Walkerton
4096,South Bruce Grey Health Centre - Chesley
4097,Quinte Health-Belleville
4098,Quinte Health-North Hastings
4099,Quinte Health-Trenton
4100,Quinte Health-Picton
4101,Atikokan General Hospital
4102,St Marys Memorial Hospital
4103,Cambridge Memorial Hospital
4104,Erie Shores Healthcare
4105,Kingston General Hospital
4106,Hotel Dieu Hospital-Kingston
4107,Grand River Hospital - Kitchener-Waterloo
4108,Orillia Soldiers' Memorial Hospital
4109,Bluewater Health-Sarnia
4110,Mount Sinai Hospital
4112,Groves Memorial Community Hospital
4113,West Lincoln Memorial
4114,Wingham and District Hospital
4115,Listowel Memorial Hospital
4117,Kirkland and District Hospital
4118,McCausland Hospital
4123,Timmins and District Hospital
4124,Riverside Health Care-La Verendrye
4125,Riverside Health Care-Emo
4126,Riverside Health Care-Rainy River
4127,Four Counties Health Services
4130,Hôpital Montfort
4131,Brightshores Health System-Owen Sound
4132,Brightshores Health System-Markdale
4133,Brightshores Health System-Meaford
4134,Brightshores Health System-Southampton
4135,Brightshores Health System-Wiarton
4136,Halton Healthcare Services - Oakville
4137,Sioux Lookout Meno Ya Win Health Centre
4138,Mackenzie Health-Richmond Hill
4139,Rouge Valley Health System-Centenary
4140,Rouge Valley Health System-Ajax
4141,Norfolk General Hospital
4142,Hotel-Dieu Grace Hospital
4143,Windsor Regional Hospital-Western
4144,Joseph Brant Hospital
4147,Sensenbrenner Hospital
4149,Hotel-Dieu Grace Hospital
4150,Trillium Health Centre-Mississauga
4151,Rouge Valley Health System-Ajax
4152,Scarborough Hospital-General Site
4153,Scarborough Hospital-Birchmount
4154,Scarborough Hospital-Birchmount
4155,Scarborough Hospital-General Site
4156,Scarborough Hospital-Birchmount
4160,Strathroy Middlesex General Hospital
4161,Headwaters Health Care Centre-Dufferin
4162,St. Thomas Elgin General Hospital
4163,Almonte General Hospital
4164,University of Ottawa Heart Institute
4166,Manitouwadge General Hospital
4167,West Nipissing General Hospital
4168,Stratford General Hospital
4169,Notre Dame Hospital
4170,Lakeridge Health - Bowmanville
4171,Lakeridge Health - Oshawa
4172,Lakeridge Health - Port Perry
4175,St. Francis Memorial Hospital
4177,Ross Memorial Hospital
4178,Englehart and District Hospital
4179,Sioux Lookout Meno Ya Win Health Centre
4180,St. Mary's General Hospital
4181,Deep River and District Hospital
4182,Nipigon District Memorial Hospital
4183,Niagara Health System - Port Colborne
4184,Renfrew Victoria Hospital
4185,Lady Minto Hospital
4186,Brockville General Hospital
4187,Mattawa General Hospital
4188,Carleton Place and District Memorial Hospital
4189,Hanover and District Hospital
4190,Hornepayne Community Hospital
4191,Haliburton Highlands Health Services - Minden
4192,Halton Healthcare Services - Oakville
4193,Halton Healthcare Services - Milton
4194,Kemptville District Hospital
4195,Smooth Rock Falls Hospital
4196,Red Lake Margaret Cochenour Memorial Hospital
4197,Collingwood General and Marine Hospital
4198,Arnprior Regional Health
4199,North Bay General-Civic
4200,Lake-of-the-Woods District Hospital
4201,Manitoulin Health Centre-Little Current
4202,Manitoulin Health Centre-Mindemoya
4203,Chapleau Health Services
4204,Erie Shores Healthcare
4205,Sunnybrook Health Sciences Centre - Bayview Campus
4206,Bingham Memorial Hospital
4207,North Wellington Health Care-Louise Marshall
4208,North Wellington Health Care-Palmerston
4209,Toronto East Health Network-Michael Garron Hospital
4210,Niagara Health System-Fort Erie
4211,Niagara Health System-Fort Erie
4213,Niagara Health System-Niagara Falls
4214,Niagara Health System-Niagara Falls
4216,Niagara Health System - Niagara-on-the-Lake
4217,Niagara Health System - Niagara-on-the-Lake
4219,Niagara Health System - Port Colborne
4220,Niagara Health System - Port Colborne
4224,Niagara Health System - St. Catharines
4227,Niagara Health System - Welland Hospital
4228,Niagara Health System - Welland Hospital
4231,Hamilton Health Sciences - General
4232,Niagara Health System-Fort Erie
4233,North York General Hospital - General Site
4234,North York General Hospital-Branson
4235,Oak Valley Health-Markham Stouffville Hospital
4236,West Parry Sound Health Centre
4237,Northumberland Hills Hospital
4238,Chatham-Kent Health Alliance - Chatham Site
4239,Chatham-Kent Health Alliance - Sydenham Site
4240,St. Joseph's General Hospital - Elliot Lake
4241,Georgian Bay General Hospital - Midland
4242,Centre for Addiction & Mental Health
4243,Glengarry Memorial Hospital
4245,William Osler Health System - Etobicoke
4247,London Health Sciences Centre-Victoria
4248,Dryden Regional Health Centre
4249,Stevenson Memorial Hospital
4250,Lady Dunn Health Centre
4251,Perth and Smiths Falls District Hospital - Perth
4254,Weeneebayko General Hospital
4255,St. Joseph's Health Care London-St. Joseph's
4256,Bluewater Health-Petrolia
4257,Geraldton District Hospital
4260,Humber River Health-RCC Church and Multicare Kidney Clinic
4264,Temiskaming Hospital
4265,University Health Network - Toronto General
4266,University Health Network - Toronto Western
4267,Winchester District Memorial Hospital
4268,Hawkesbury and District General Hospital
4270,Anson General Hospital
4273,Sunnybrook Health Sciences Centre - Bayview Campus
4274,Sunnybrook Health Sciences Centre - Holland Orthopaedic & Arthritic Centre
4276,William Osler Health System-Peel Memorial
4277,William Osler Health System - Etobicoke
4279,Toronto East Health Network-Michael Garron Hospital
4285,Hamilton Health Sciences - Juravinski
4286,Hamilton Health Sciences - McMaster
4289,St. Mary's General Hospital
4293,Humber River Health-Church (Memorial)
4298,Hamilton Health Sciences - Chedoke
4299,Pembroke Regional  Hospital
4303,University of Ottawa Heart Institute
4307,Oak Valley Health-Markham Stouffville Hospital
4310,London Health Sciences Centre-University
4311,London Health Sciences Centre-South St
4315,Thunder Bay Regional Health Sciences Centre
4316,Perth and Smiths Falls District Hospital - Smiths Falls
4323,North Wellington Health Care-Louise Marshall
4326,North Wellington Health Care-Palmerston
4329,Ottawa Hospital-Civic Campus
4335,North York General Hospital-Branson
4339,St. Vincent De Paul-Brockville
4341,Toronto East Health Network-Michael Garron Hospital
4342,Hamilton Health Sciences - General
4353,Sioux Lookout Meno Ya Win Health Centre
4354,Sioux Lookout Meno Ya Win Health Centre
4359,London Health Sciences Centre-Victoria
4361,Chatham-Kent Health Alliance - Chatham Site
4363,Trillium Health Centre-Queensway
4366,St. Joseph's Health Centre
4367,Haliburton Highlands Health Services - Haliburton
4368,St. Johns Rehabitation Hospital
4369,Kingston General Hospital
4377,Brightshores Health System-Lion's Head
4385,Guelph General Hospital
4406,University Health Network - Princess Margaret
4407,Sault Area Hospital
4408,Sault Area Hospital
4409,Sault Area Hospital
4413,Penetanguishene General
4414,Windsor Regional Hospital-Metropolitan
4415,Bluewater Health-Sarnia
4416,Bluewater Health-Sarnia
4417,Bluewater Health-Sarnia
4418,Bluewater Health-Petrolia
4419,Bluewater Health-Petrolia
4429,Ottawa Hospital-Rehabilitation Centre
4448,Don Mills Surgical Unit
4450,Northumberland Hills Hospital
4451,Cornwall Community Hospital
4452,Cornwall Community Hospital
4461,Hôpital Montfort
4465,Oak Valley Health-Uxbridge Hospital
4466,Oak Valley Health-Uxbridge Hospital
4467,Oak Valley Health-Uxbridge Hospital
4470,Cornwall Community Hospital
4483,Ross Memorial Hospital
4513,Royal Victoria Regional Health Centre
4514,Quinte Health-Belleville
4515,William Osler Health System - Etobicoke
4516,William Osler Health System-Peel Memorial
4518,Joseph Brant Hospital
4519,Cambridge Memorial Hospital
4520,Chatham-Kent Health Alliance - Chatham Site
4521,Cornwall Community Hospital
4522,Alexandra Marine and General Hospital
4523,Homewood Health Centre
4525,St. Josephs Healthcare Hamilton-West 5th
4526,St. Josephs Healthcare Hamilton-West 5th
4527,Lake-of-the-Woods District Hospital
4528,Kingston General Hospital
4529,Hotel Dieu Hospital-Kingston
4530,Providence Care Hospital
4531,Grand River Hospital - Kitchener-Waterloo
4532,London Health Sciences Centre-Victoria
4533,St. Joseph's Health Care London-Parkwood
4534,St. Joseph's Health Care London-Southwest Centre for Forensic Mental Health Care
4535,Oak Valley Health-Markham Stouffville Hospital
4536,Credit Valley Hospital
4537,Trillium Health Centre-Mississauga
4538,Southlake Regional Health Centre
4539,Halton Healthcare Services - Oakville
4540,Orillia Soldiers' Memorial Hospital
4541,Lakeridge Health - Oshawa
4542,Hôpital Montfort
4543,Queensway Carleton Hospital
4544,Royal Ottawa Health Care-Brockville Mental Health Centre
4545,Royal Ottawa Mental Health Centre
4546,Ottawa Hospital-Civic Campus
4547,Ottawa Hospital-General Campus
4548,Brightshores Health System-Owen Sound
4549,Pembroke Regional  Hospital
4550,Waypoint Centre for Mental Health Care-Provincial
4551,Waypoint Centre for Mental Health Care-Regional
4552,Peterborough Regional Health Centre
4553,Mackenzie Health-Richmond Hill
4554,Bluewater Health-Sarnia
4555,Sault Area Hospital
4556,Niagara Health System - Welland Hospital
4557,Niagara Health System-Niagara Falls
4558,Niagara Health System - St. Catharines
4559,Stratford General Hospital
4560,Health Sciences North - Sudbury Mental Health and Addictions Centre
4561,North East Mental Health Centre-Sudbury
4562,Thunder Bay Regional Health Sciences Centre
4563,St. Joseph's Care Group
4564,Timmins and District Hospital
4565,Baycrest Hospital
4566,Centre for Addiction & Mental Health
4567,Toronto East Health Network-Michael Garron Hospital
4568,Humber River Health-Northwestern
4569,Mount Sinai Hospital
4570,North York General Hospital - General Site
4571,Rouge Valley Health System-Ajax
4572,Rouge Valley Health System-Centenary
4573,Scarborough Hospital-Birchmount
4574,Scarborough Hospital-General Site
4575,St. Joseph's Health Centre
4576,St. Michael's Hospital
4577,Sunnybrook Health Sciences Centre - Bayview Campus
4578,University Health Network
4579,Ontario Shores Centre for Mental Health Sciences
4580,Hotel-Dieu Grace Hospital
4581,Windsor Regional Hospital-Western
4582,Woodstock Hospital
4583,North East Mental Health Centre-North Bay
4584,Queensway Carleton Hospital
4589,Providence Care Hospital
4592,West Parry Sound Health Centre
4593,Ross Memorial Hospital
4594,Hotel Dieu Shaver Health and Rehabilitation Centre
4595,Hotel Dieu Shaver Health and Rehabilitation Centre
4599,Royal Ottawa Mental Health Centre
4601,Hotel Dieu Hospital-Kingston
4602,St. Joseph's Health Care London-Parkwood
4607,Windsor Regional Hospital-Mary Vale
4610,Humber River Health-Northwestern
4614,Niagara Health System-Ontario St
4616,Muskoka Algonquin Healthcare-Huntsville
4617,Muskoka Algonquin Healthcare-Huntsville
4618,Muskoka Algonquin Healthcare-Huntsville
4619,Muskoka Algonquin Healthcare-Bracebridge
4620,Muskoka Algonquin Healthcare-Bracebridge
4621,Muskoka Algonquin Healthcare-Bracebridge
4622,Halton Healthcare Services - Georgetown
4623,Halton Healthcare Services - Georgetown
4624,Halton Healthcare Services - Georgetown
4628,Kensington Eye Institute
4631,Women's College Hospital
4638,Rouge Valley Health System-Ajax
4646,Brockville General Hospital
4647,Brockville General Hospital
4649,South Huron Hospital
4654,Homewood Health Centre
4672,Humber River Health-Northwestern
4675,Brant Community Healthcare - Brantford General
4676,Brant Community Healthcare - Brantford General
4677,Brant Community Healthcare - Brantford General
4678,Brant Community Healthcare - Brantford General
4679,Brant Community Healthcare - Brantford General
4680,Brant Community Healthcare - Willet
4681,William Osler Health System - Civic
4682,William Osler Health System - Civic
4683,William Osler Health System - Civic
4684,William Osler Health System - Civic
4685,William Osler Health System - Civic
4688,Orillia Soldiers' Memorial Hospital
4689,North Bay General-Civic
4690,St. Joseph's Continuing Care Centre of Sudbury
4692,Weeneebayko Area Health Authority - Moosonee
4693,Weeneebayko Area Health Authority - Fort Albany
4694,Weeneebayko Area Health Authority - Attawapiskat
4695,Ottawa Hospital-General Campus
4696,Ottawa Hospital-Rehabilitation Centre
4698,Weeneebayko Area Health Authority - Moose Factory
4699,Weeneebayko Area Health Authority - Moose Factory
4700,Weeneebayko Area Health Authority - Fort Albany
4701,Weeneebayko Area Health Authority - Fort Albany
4702,Weeneebayko Area Health Authority - Attawapiskat
4703,Weeneebayko Area Health Authority - Attawapiskat
4704,Georgian Bay General Hospital - Penetanguishene
4705,Georgian Bay General Hospital - Penetanguishene
4706,Georgian Bay General Hospital - Penetanguishene
4708,Hamilton Health Sciences-St. Peter's
4711,Hamilton Health Sciences - General
4719,Grand River Hospital - Freeport
4720,Cambridge Memorial Hospital
4722,Glengarry Memorial Hospital
4726,Cornwall Community Hospital
4730,North Bay Regional Health Centre
4731,North Bay Regional Health Centre
4732,North Bay Regional Health Centre
4733,North Bay Regional Health Centre
4734,North Bay Regional Health Centre
4735,North Bay Regional Health Centre - Kirkwood
4736,North Bay Regional Health Centre - Kirkwood
4737,Hamilton Health Sciences - UCC
4738,St. Joseph's Health Care London-Parkwood
4740,Woodstock Hospital
4741,Health Sciences North - Ramsey Lake Health Centre
4742,University Health Network - Bickle Centre
4743,University Health Network - Lyndhurst
4744,University Health Network-University Centre
4747,Trillium Health Partners-Credit Valley
4748,Trillium Health Partners-Credit Valley
4749,Trillium Health Partners-Credit Valley
4750,Trillium Health Partners-Credit Valley
4751,Trillium Health Partners-Credit Valley
4752,Trillium Health Partners-Mississauga
4753,Trillium Health Partners-Mississauga
4754,Trillium Health Partners-Mississauga
4755,Trillium Health Partners-Mississauga
4756,Trillium Health Partners-Mississauga
4757,Trillium Health Partners-McCall Continuing Care
4758,Trillium Health Partners-Queensway
4759,Trillium Health Partners-Queensway
4761,Centre for Addiction & Mental Health
4762,Brockville General Hospital
4763,Headwaters Health Care Centre-Dufferin
4764,Waypoint Centre for Mental Health Care-Regional
4765,Sunnybrook Health Sciences Centre - St. John's Rehab
4766,Sunnybrook Health Sciences Centre - St. John's Rehab
4767,Sunnybrook Health Sciences Centre - St. John's Rehab
4768,North Shore Health Network - Richard's Landing
4769,North Shore Health Network - Thessalon
4770,North Shore Health Network - Thessalon
4771,St. Thomas Elgin General Hospital
4773,Windsor Regional Hospital-Ouellette Campus
4774,Windsor Regional Hospital-Ouellette Campus
4775,Windsor Regional Hospital-Ouellette Campus
4776,Windsor Regional Hospital-Ouellette Campus
4777,Hotel-Dieu Grace Healthcare
4778,Hotel-Dieu Grace Healthcare
4779,Hotel-Dieu Grace Healthcare
4780,Hotel-Dieu Grace Healthcare
4781,Hotel-Dieu Grace Healthcare
4782,St. Josephs Healthcare Hamilton-West 5th
4784,Hotel Dieu Hospital-Kingston
4787,Brightshores Health System-Wiarton
4788,Hamilton Health Sciences - West Lincoln
4789,Hamilton Health Sciences - West Lincoln
4790,Hamilton Health Sciences - West Lincoln
4795,Seaforth Community Hospital
4796,Ontario Shores Centre for Mental Health Sciences
4797,Georgian Bay General Hospital - Midland
4798,Georgian Bay General Hospital - Midland
4799,Humber River Health-Wilson
4800,Humber River Health-Wilson
4801,Humber River Health-Wilson
4802,Humber River Health-Wilson
4803,Ontario Shores Centre for Mental Health Sciences
4804,Sinai Health System - Mount Sinai
4805,Sinai Health System - Mount Sinai
4806,Sinai Health System - Mount Sinai
4807,Sinai Health System-Hennick Bridgepoint
4808,Sinai Health System-Hennick Bridgepoint
4810,Niagara Health System - Niagara-on-the-Lake
4811,Holland Bloorview Kids Rehabilitation Hospital
4812,Sinai Health System-Hennick Bridgepoint
4812,Sinai Health System-Hennick Bridgepoint
4813,Providence Healthcare
4814,University Health Network-University Centre
4818,Mackenzie Health-Urgent Care Centre
4819,North of Superior Healthcare Group-Wilson Memorial
4820,North of Superior Healthcare Group-Wilson Memorial
4821,North of Superior Healthcare Group-Wilson Memorial
4822,North of Superior Healthcare Group - McCausland Hospital
4823,North of Superior Healthcare Group - McCausland Hospital
4824,North of Superior Healthcare Group - McCausland Hospital
4825,Royal Ottawa Mental Health Centre
4827,William Osler Health System-Peel Memorial Centre for Health & Wellness
4828,Trillium Health Partners-Queensway
4829,Kingston Health Sciences Centre - Hotel Dieu
4830,Kingston Health Sciences Centre - Hotel Dieu
4831,Kingston Health Sciences Centre - Kingston General
4832,Kingston Health Sciences Centre - Kingston General
4833,Kingston Health Sciences Centre - Kingston General
4834,Scarborough Health Network-Centenary
4835,Scarborough Health Network-Centenary
4836,Scarborough Health Network-Centenary
4837,Scarborough Health Network-Centenary
4838,Scarborough Health Network-Centenary
4839,Scarborough Health Network-Scarborough General
4840,Scarborough Health Network-Scarborough General
4841,Scarborough Health Network-Birchmount
4842,Scarborough Health Network-Birchmount
4843,Scarborough Health Network-Birchmount
4844,Lakeridge Health - Ajax
4845,Lakeridge Health - Ajax
4846,Lakeridge Health - Ajax
4847,Lakeridge Health - Ajax
4848,Lakeridge Health - Ajax
4849,Oak Valley Health-Markham Stouffville Hospital
4850,Humber River Health-RCC Finch
4851,North York General Hospital-RCC Finch
4852,Oak Valley Health-RCC Finch
4853,Southlake Regional Health Centre-RCC Finch
4854,Mackenzie Health-RCC
4855,Mackenzie Health-RCC
4856,Mackenzie Health-RCC
4857,Unity Health Toronto-St. Joseph's
4858,Unity Health Toronto-St. Joseph's
4859,Unity Health Toronto-St. Joseph's
4860,Unity Health Toronto-Providence
4861,Unity Health Toronto-Providence
4862,Unity Health Toronto-Providence
4864,Unity Health Toronto-St. Michael's
4865,Unity Health Toronto-St. Michael's
4866,Unity Health Toronto-St. Michael's
4867,Runnymede Healthcare Centre
4868,Chatham-Kent Health Alliance-Wallaceburg
4869,Chatham-Kent Health Alliance-Wallaceburg
4870,Chatham-Kent Health Alliance-Chatham Site
4871,Chatham-Kent Health Alliance-Chatham Site
4872,Chatham-Kent Health Alliance-Chatham Site
4873,Chatham-Kent Health Alliance-Chatham Site
4874,Chatham-Kent Health Alliance-Chatham Site
4914,Humber River Health-RCC Church and Multicare Kidney Clinic
4915,Sunnybrook Health Sciences-RCC Church
5017,St. Joseph's Continuing Care Centre of Sudbury
5018,Southlake Regional Health Centre-RCC Church
5019,Trillium Health Partners-RCC Church
5020,Unity Health Toronto-RCC Church
5021,William Osler Health System-RCC Church
5055,St. Joseph's Health Centre Guelph
5228,Brightshores Health System-Owen Sound
5245,Scarborough Health Network-Birchmount
5246,University Health Network - Bickle Centre
5247,University Health Network-University Centre
5248,University Health Network-University Centre
5249,North York Minor Surgical Procedures & Elder Care Centre
5269,Lennox and Addington County General Hospital
5270,Four Counties Health Services
5271,Stevenson Memorial Hospital
5272,Almonte General Hospital
5273,Arnprior Regional Health
5274,Atikokan General Hospital
5275,Royal Victoria Regional Health Centre
5276,North Shore Health Network-Blind River
5277,North Shore Health Network - Thessalon
5278,West Park Healthcare Centre
5279,Brockville General Hospital
5280,Brockville General Hospital
5281,Campbellford Memorial Hospital
5282,Carleton Place and District Memorial Hospital
5283,Chapleau Health Services
5284,North York General Hospital - General Site
5285,Clinton Public Hospital
5286,Lady Minto Hospital
5287,Collingwood General and Marine Hospital
5288,Hotel Dieu Hospital of Cornwall
5289,Deep River and District Hospital
5290,Dryden Regional Health Centre
5291,Haldimand War Memorial Hospital
5292,St. Joseph's General Hospital - Elliot Lake
5293,Royal Ottawa Health Care-Brockville Mental Health Centre
5294,Royal Ottawa Mental Health Centre
5295,Englehart and District Hospital
5296,Espanola General Hospital
5297,South Huron Hospital
5298,Groves Memorial Community Hospital
5299,Cambridge Memorial Hospital
5300,Geraldton District Hospital
5301,Alexandra Marine and General Hospital
5302,Guelph General Hospital
5303,St. Joseph's Health Centre Guelph
5304,St. Josephs Healthcare Hamilton-West 5th
5305,St. Joseph's Healthcare Hamilton-Charlton Campus
5306,Hanover and District Hospital
5307,Notre Dame Hospital
5308,Hornepayne Community Hospital
5309,Alexandra Hospital
5310,Anson General Hospital
5311,Lady Dunn Health Centre
5312,Sensenbrenner Hospital
5313,Providence Care Hospital
5314,Kirkland and District Hospital
5315,St. Mary's General Hospital
5316,Mackenzie Health-Richmond Hill
5317,Erie Shores Healthcare
5318,Ross Memorial Hospital
5319,Listowel Memorial Hospital
5320,St. Joseph's Health Care London-St. Joseph's
5321,St. Joseph's Health Care London-Southwest Centre for Forensic Mental Health Care
5322,Joseph Brant Hospital
5323,Manitouwadge General Hospital
5324,Bingham Memorial Hospital
5325,Mattawa General Hospital
5326,Georgian Bay General Hospital - Midland
5327,Kemptville District Hospital
5328,West Haldimand General
5329,Southlake Regional Health Centre
5330,Nipigon District Memorial Hospital
5331,Children's Hospital of Eastern Ontario
5332,Hôpital Montfort
5333,Pembroke Regional  Hospital
5334,St. Francis Memorial Hospital
5335,Peterborough Regional Health Centre
5336,Queensway Carleton Hospital
5337,St. Joseph's Care Group
5338,Manitoulin Health Centre-Little Current
5339,Manitoulin Health Centre-Mindemoya
5340,Renfrew Victoria Hospital
5341,Hotel Dieu Shaver Health and Rehabilitation Centre
5342,St Marys Memorial Hospital
5343,St. Thomas Elgin General Hospital
5344,Hawkesbury and District General Hospital
5345,Seaforth Community Hospital
5346,Glengarry Memorial Hospital
5347,Norfolk General Hospital
5348,Smooth Rock Falls Hospital
5349,Stratford General Hospital
5350,Strathroy Middlesex General Hospital
5351,Tillsonburg District Memorial
5352,Lake-of-the-Woods District Hospital
5353,Baycrest Hospital
5354,Hospital for Sick Children
5355,Runnymede Healthcare Centre
5356,Salvation Army Toronto Grace Health Centre
5357,Toronto East Health Network-Michael Garron Hospital
5359,West Nipissing General Hospital
5360,Winchester District Memorial Hospital
5361,Temiskaming Hospital
5362,Wingham and District Hospital
5363,Woodstock Hospital
5364,Red Lake Margaret Cochenour Memorial Hospital
5365,Riverside Health Care-Emo
5366,Riverside Health Care-La Verendrye
5367,Riverside Health Care-Rainy River
5368,Oak Valley Health-Markham Stouffville Hospital
5369,Oak Valley Health-Uxbridge Hospital
5370,Timmins and District Hospital
5371,Headwaters Health Care Centre-Dufferin
5372,Hotel-Dieu Grace Healthcare
5373,Hotel-Dieu Grace Healthcare
5374,Hotel-Dieu Grace Healthcare
5375,Perth and Smiths Falls District Hospital - Perth
5376,Perth and Smiths Falls District Hospital - Smiths Falls
5377,Grand River Hospital - Freeport
5378,Grand River Hospital - Kitchener-Waterloo
5379,West Parry Sound Health Centre
5380,Bruyère Continuing Care - Elisabeth Bruyere Hospital
5381,Windsor Regional Hospital-Mary Vale
5382,Windsor Regional Hospital-Metropolitan
5383,Windsor Regional Hospital-Ouellette Campus
5384,Thunder Bay Regional Health Sciences Centre
5385,London Health Sciences Centre-University
5386,London Health Sciences Centre-Victoria
5387,Haliburton Highlands Health Services - Haliburton
5388,Holland Bloorview Kids Rehabilitation Hospital
5389,Northumberland Hills Hospital
5390,Humber River Health-Wilson
5391,Hamilton Health Sciences - West Lincoln
5392,Hamilton Health Sciences - General
5393,Hamilton Health Sciences - Juravinski
5394,Hamilton Health Sciences - McMaster
5395,Hamilton Health Sciences-St. Peter's
5396,South Bruce Grey Health Centre - Chesley
5397,South Bruce Grey Health Centre - Durham
5398,South Bruce Grey Health Centre - Kincardine
5399,South Bruce Grey Health Centre - Walkerton
5400,University Health Network
5401,Centre for Addiction & Mental Health
5402,Halton Healthcare Services - Georgetown
5403,Halton Healthcare Services - Milton
5404,Halton Healthcare Services - Oakville
5405,William Osler Health System - Civic
5406,William Osler Health System - Etobicoke
5407,Lakeridge Health - Ajax
5408,Lakeridge Health - Bowmanville
5409,Lakeridge Health - Oshawa
5410,Lakeridge Health - Port Perry
5411,Sunnybrook Health Sciences Centre - Bayview Campus
5412,Brightshores Health System-Lion's Head
5413,Brightshores Health System-Markdale
5414,Brightshores Health System-Meaford
5415,Brightshores Health System-Owen Sound
5416,Brightshores Health System-Southampton
5417,Brightshores Health System-Wiarton
5418,Quinte Health-North Hastings
5419,Quinte Health-Belleville
5420,Quinte Health-Picton
5421,Quinte Health-Trenton
5422,Ottawa Hospital-Civic Campus
5423,Ottawa Hospital-General Campus
5424,Ottawa Hospital-Rehabilitation Centre
5425,Health Sciences North - Ramsey Lake Health Centre
5427,University of Ottawa Heart Institute
5428,Niagara Health System-Fort Erie
5429,Niagara Health System-Niagara Falls
5430,Niagara Health System - Port Colborne
5431,Niagara Health System - St. Catharines
5432,Niagara Health System - Welland Hospital
5433,North Wellington Health Care-Louise Marshall
5434,North Wellington Health Care-Palmerston
5435,Sioux Lookout Meno Ya Win Health Centre
5436,Sault Area Hospital
5437,Bluewater Health-Petrolia
5438,Bluewater Health-Sarnia
5439,Cornwall Community Hospital
5440,Muskoka Algonquin Healthcare-Bracebridge
5441,Muskoka Algonquin Healthcare-Huntsville
5442,Ontario Shores Centre for Mental Health Sciences
5443,Brant Community Healthcare - Brantford General
5444,St. Joseph's Continuing Care Centre of Sudbury
5445,Waypoint Centre for Mental Health Care-Regional
5446,Weeneebayko Area Health Authority - Attawapiskat
5447,Weeneebayko Area Health Authority - Fort Albany
5448,Weeneebayko Area Health Authority - Moose Factory
5449,North Bay Regional Health Centre
5450,North Bay Regional Health Centre - Kirkwood
5451,Trillium Health Partners-Credit Valley
5452,Trillium Health Partners-Mississauga
5453,Trillium Health Partners-Queensway
5454,Sinai Health System-Hennick Bridgepoint
5455,Sinai Health System - Mount Sinai
5456,North of Superior Healthcare Group-Wilson Memorial
5457,North of Superior Healthcare Group - McCausland Hospital
5458,Kingston Health Sciences Centre - Hotel Dieu
5459,Kingston Health Sciences Centre - Kingston General
5460,Scarborough Health Network-Birchmount
5461,Scarborough Health Network-Scarborough General
5462,Scarborough Health Network-Centenary
5463,Unity Health Toronto-Providence
5464,Unity Health Toronto-St. Joseph's
5465,Unity Health Toronto-St. Michael's
5466,Chatham-Kent Health Alliance-Chatham Site
5467,Chatham-Kent Health Alliance-Wallaceburg
5468,Mackenzie Health-Cortellucci Vaughan Hospital
5469,Mackenzie Health-Cortellucci Vaughan Hospital
5470,Mackenzie Health-Cortellucci Vaughan Hospital
5471,Mackenzie Health-Cortellucci Vaughan Hospital
5472,Mackenzie Health-Cortellucci Vaughan Hospital
5488,Lakeridge Health-Whitby
5489,Lakeridge Health-Whitby
5490,Lakeridge Health-Whitby
5512,Cambridge Memorial-AHF-Clear Vision Surgical
5533,Blanche River Health-Englehart
5534,Blanche River Health-Englehart
5535,Blanche River Health-Englehart
5536,Blanche River Health-Englehart
5538,Blanche River Health-Kirkland Lake
5539,Blanche River Health-Kirkland Lake
5540,Blanche River Health-Kirkland Lake
5541,Blanche River Health-Kirkland Lake
5543,Blanche River Health
5545,Homewood Health Centre-Privately Funded Beds
5554,North York General Hospital-NYG Finch RCC
5556,Kitchener-Waterloo-Wilmot-Wellesley-Woolwich Assessment Centre-Westmount Plaza
5557,Grand River Hospital - Kitchener-Waterloo
5558,Joseph Brant Hospital
5559,Bluewater Health Sarnia COVID Cold Flu Care Clinic
5560,St. Joseph's Healthcare Hamilton-East End
5561,Ottawa Brewer Park Arena
5562,Northumberland Hills Hospital
5563,Scarborough Health Network-Birchmount
5564,Ross Memorial Hospital
5565,Lakeridge Health - Oshawa
5566,Peterborough COVID Assessment Centre-Northcrest Marina
5567,Halton Healthcare Services - Oakville
5568,Mackenzie Health-Cortellucci Vaughan Hospital
5569,Southlake Regional Health Centre Assessment Centre
5570,William Osler Health System-Peel Memorial Centre for Health & Wellness
5571,Trillium Health Partners-Mississauga Assessment Centres
5572,North York General Hospital - General Site
5573,Humber River Hospital-Testing Centre
5574,Toronto East Health Network-Michael Garron Hospital
5575,Sunnybrook Health Sciences Centre - Bayview Campus
5576,Women's College Hospital
5577,Unity Health Toronto-St. Michael's
5578,Unity Health Toronto-St. Joseph's
5579,"Health Sciences North, HSNRI & NEOMO Assessment Centres"
5580,North Bay Regional Health Centre
5581,Toronto East Health Network-Michael Garron Hospital
5582,William Osler Health System-South Fletcher's Sportsplex
5583,Halton Healthcare Services - Milton
5584,Halton Healthcare Services - Georgetown
5585,Trillium Health-Valley House
5586,Cambridge Assessment Centre
5587,Chatham-Kent Health Alliance
5588,South Georgian Bay Regional Assessment Centre
5589,Guelph General Assessment Centre
5590,"Flu, COVID and Cold Clinic"
5591,Hanover and District Hospital
5592,Headwaters Health Care Centre
5593,Kingston Health Sciences Assessment Centre
5594,Riverside Health Care-La Verendrye Assessment Centre
5595,London Oakridge Arena
5596,Nipigon District Memorial Hospital
5597,North Bay Regional Health Centre
5598,North of Superior Healthcare Group-Wilson Memorial
5599,North of Superior Health Group-McCausland Assessment Centre
5600,Barrie Community Health Centre
5601,Manitouwadge General Hospital
5602,Sault Area Hospital Assessment Centre
5603,Sinai Health System - Mount Sinai
5604,London Covid-19 COVID Cold Flu Care Clinic
5605,Unity Health Toronto-St. Michael's
5606,Windsor Regional Hospital-Ouellette Campus
5607,Atikokan General Assessment Centre
5608,St. Joseph's Healthcare London
5609,Red Lake/Ear Falls Assessment Centre
5610,Rainy River Health Centre
5611,Oak Valley Health-Markham Stouffville Hospital
5612,Timmins and District Hospital
5613,Thunder Bay Regional Assessment Centre
5614,Brightshores Health System Assessment Centres
5615,Niagara Health COVID-19 COVID Cold Flu Care Clinic
5616,Niagara Health System - St. Catharines
5617,Manitoulin Health Centre-Little Current
5618,Chapleau Health Services
5619,Geraldton District Assessment Centre
5620,Timmins and District Hospital
5621,University Health Network-Toronto Western
5622,Covid19 Centre d'evaluation Hearst
5623,Smooth Rock Falls Hospital
5624,Sioux Lookout Meno Ya Win Health Centre
5625,West Parry Sound Assessment Centre
5626,Mattawa General Hospital
5627,Hawkesbury and District General Hospital
5628,Renfrew County Triage and Assessment Centres
5629,City of Greater Sudbury EMS
5630,Dingwall Medical Clinic Building
5631,North York General Hospital-Branson
5632,Scarborough Health Network-Centenary
5633,Perth and Smiths Falls District Hospital - Smiths Falls
5634,Superior North EMS Thunder Bay Regional Community Paramedicine
5635,West Ottawa Clinical Assessment Centre
5636,South Bruce Grey Health Kincardine Assesment Centre
5637,Espanola General Hospital
5638,Hornepayne Community Hospital
5639,Kapuskasing Assessment Centre
5640,Anson General Hospital
5641,Woodstock Hospital COVID Cold Flu Care Clinic
6430,Lakeridge Health CAC and COVID Therapeutic Clinic
6431,Brockville Assessment Centre
6432,MICs Group - The Lady Minto Hospital/Boy Scout Hall
6433,Chigamik Community Health Centre
6434,Orillia Soldiers' Memorial Hospital
6435,"Stevenson Memorial COVID-19, Cold and Flu Care Clinic"
6444,Elliot Lake Family Health Team
6445,Lake-of-the-Woods District Hospital
6446,West Nipissing General Hospital
6447,Weeneebayko Area Health Authority - Moose Factory
6448,William Osler Health System - Humber
6449,Trent Hills COVID19 Assessment Centre
6458,Orillia Soldiers' Memorial Hospital
6459,Bracebridge Rotary Centre
6460,Muskoka Algonquin Healthcare-Huntsville
6461,Almonte General Hospital
6462,Cornwall Community Hospital
6463,Haliburton County Assessment Centre
6464,"Hawkesbury COVID, Cold and Flu Clinic"
6465,Lennox & Addington County General Assessment Centre
6466,Prince Edward Family Health Team CAC/ILI clinic
6467,Quinte Health
6468,Winchester Assessment Centre-Lions Club Hall
6469,Lennox and Addington County General Hospital
6470,Four Counties Health Services
6471,Stevenson Memorial Hospital
6472,Almonte General Hospital
6473,Arnprior Regional Health
6474,Atikokan General Hospital
6475,Royal Victoria Regional Health Centre
6476,North Shore Health Network
6477,West Park Healthcare Centre
6478,Brockville General Hospital
6479,Brockville General Hospital
6480,Campbellford Memorial Hospital
6481,Carleton Place and District Memorial Hospital
6482,Chapleau Health Services
6483,North York General Hospital
6484,Clinton Public Hospital
6485,Lady Minto Hospital
6486,Collingwood General and Marine Hospital
6487,Hotel Dieu Hospital of Cornwall
6488,Deep River and District Hospital
6489,Dryden Regional Health Centre
6490,Haldimand War Memorial Hospital
6491,St. Joseph's General Hospital - Elliot Lake
6492,Royal Ottawa Health Care-Brockville Mental Health Centre
6493,Royal Ottawa Mental Health Centre
6494,Englehart and District Hospital
6495,Espanola General Hospital
6496,South Huron Hospital
6497,Groves Memorial Community Hospital
6498,Cambridge Memorial Hospital
6499,Geraldton District Hospital
6500,Alexandra Marine and General Hospital
6501,Guelph General Hospital
6502,St. Joseph's Health Centre Guelph
6503,St. Joseph's Healthcare Hamilton
6504,Hanover and District Hospital
6505,Notre Dame Hospital
6506,Hornepayne Community Hospital
6507,Alexandra Hospital
6508,Anson General Hospital
6509,Lady Dunn Health Centre
6510,Sensenbrenner Hospital
6511,Providence Care Hospital
6512,Kirkland and District Hospital
6513,St. Mary's General Hospital
6514,Mackenzie Health
6515,Erie Shores Healthcare
6516,Ross Memorial Hospital
6517,Listowel Memorial Hospital
6518,St. Joseph's Health Care London-St. Joseph's
6520,Joseph Brant Hospital
6521,Manitouwadge General Hospital
6522,Bingham Memorial Hospital
6523,Mattawa General Hospital
6524,Georgian Bay General Hospital
6525,Kemptville District Hospital
6526,West Haldimand General
6527,Southlake Regional Health Centre
6528,Nipigon District Memorial Hospital
6529,Children's Hospital of Eastern Ontario
6530,Hôpital Montfort
6531,Pembroke Regional  Hospital
6532,St. Francis Memorial Hospital
6533,Peterborough Regional Health Centre
6534,Queensway Carleton Hospital
6535,St. Joseph's Care Group
6536,Manitoulin Health Centre
6537,Renfrew Victoria Hospital
6538,Hotel Dieu Shaver Health and Rehabilitation Centre
6539,St Marys Memorial Hospital
6540,St. Thomas Elgin General Hospital
6541,Hawkesbury and District General Hospital
6542,Seaforth Community Hospital
6543,Glengarry Memorial Hospital
6544,Norfolk General Hospital
6545,Smooth Rock Falls Hospital
6546,Stratford General Hospital
6547,Strathroy Middlesex General Hospital
6548,Tillsonburg District Memorial
6549,Lake-of-the-Woods District Hospital
6550,Baycrest Hospital
6551,Hospital for Sick Children
6552,Runnymede Healthcare Centre
6553,Salvation Army Toronto Grace Health Centre
6554,Toronto East Health Network-Michael Garron Hospital
6555,West Nipissing General Hospital
6556,Winchester District Memorial Hospital
6557,Temiskaming Hospital
6558,Wingham and District Hospital
6559,Woodstock Hospital
6560,Red Lake Margaret Cochenour Memorial Hospital
6561,Riverside Health Care-Emo
6562,Riverside Health Care
6563,Riverside Health Care-Rainy River
6564,Oak Valley Health-Markham Stouffville Hospital
6566,Timmins and District Hospital
6567,Headwaters Health Care Centre-Dufferin
6568,Hotel-Dieu Grace Healthcare
6569,Hotel-Dieu Grace Healthcare
6570,Hotel-Dieu Grace Healthcare
6571,Perth and Smiths Falls District Hospital
6572,Perth and Smiths Falls District Hospital - Smiths Falls
6573,Grand River Hospital - Freeport
6574,Grand River Hospital
6575,West Parry Sound Health Centre
6576,Bruyère Continuing Care
6577,Windsor Regional Hospital
6580,Thunder Bay Regional Health Sciences Centre
6581,London Health Sciences Centre-Victoria
6582,Haliburton Highlands Health Services - Haliburton
6583,Holland Bloorview Kids Rehabilitation Hospital
6584,Northumberland Hills Hospital
6585,Humber River Hospital
6586,Hamilton Health Sciences - West Lincoln
6587,Hamilton Health Sciences
6588,Hamilton Health Sciences - Juravinski
6589,Hamilton Health Sciences - McMaster
6590,Hamilton Health Sciences-St. Peter's
6591,South Bruce Grey Health Centre - Chesley
6592,South Bruce Grey Health Centre - Durham
6593,South Bruce Grey Health Centre - Kincardine
6594,South Bruce Grey Health Centre - Walkerton
6595,University Health Network
6596,Centre for Addiction & Mental Health
6599,Halton Healthcare Services
6601,William Osler Health System
6602,Lakeridge Health
6603,Sunnybrook Health Sciences Centre
6604,Brightshores Health System
6610,Quinte Health-North Hastings
6611,Quinte Health
6612,Quinte Health-Picton
6613,Quinte Health-Trenton
6614,Ottawa Hospital-Civic Campus
6615,Ottawa Hospital
6616,Health Sciences North
6617,University of Ottawa Heart Institute
6618,Niagara Health System-Fort Erie
6619,Niagara Health System-Niagara Falls
6620,Niagara Health System - Port Colborne
6621,Niagara Health System
6622,Niagara Health System - Welland Hospital
6623,North Wellington Health Care
6624,North Wellington Health Care-Palmerston
6625,Sioux Lookout Meno Ya Win Health Centre
6626,Sault Area Hospital
6628,Bluewater Health
6629,Cornwall Community Hospital
6630,Muskoka Algonquin Healthcare-Bracebridge
6631,Muskoka Algonquin Healthcare-Huntsville
6632,Ontario Shores Centre for Mental Health Sciences
6633,Brant Community Healthcare
6634,St. Joseph's Continuing Care Centre of Sudbury
6635,Waypoint Centre for Mental Health Care
6636,Weeneebayko Area Health Authority - Attawapiskat
6637,Weeneebayko Area Health Authority - Fort Albany
6638,Weeneebayko Area Health Authority
6639,North Bay Regional Health Centre
6641,Trillium Health Partners
6642,Trillium Health Partners-Mississauga
6643,Trillium Health Partners-Queensway
6644,Sinai Health System
6646,North of Superior Healthcare Group-Wilson Memorial
6647,North of Superior Healthcare Group
6649,Kingston Health Sciences Centre
6651,Scarborough Health Network
6653,Unity Health Toronto
6656,Chatham-Kent Health Alliance
6657,Chatham-Kent Health Alliance-Wallaceburg
6658,Orillia Soldiers' Memorial Hospital
6659,Women's College Hospital
6660,Homewood Health Centre
6661,Casey House Hospice
6662,Lady Dunn-Michipicoten Community Centre
6663,Trillium Health Partners-Queensway
6664,Healthcare Materials Management Service
6665,North Shore Health Network-Blind River
6666,William Osler Health System - Etobicoke
6667,Trillium Health Partners-Credit Valley
6668,Windsor Regional Hospital-AHF-St. Clair College
6669,Grand Bend COVID Cold Flu Care Clinic
6670,Windsor Regional Hospital-AHF-St. Clair College
6671,COVID-19 Care and Testing CentreHeron
6672,Hawkesbury and District General-Rockland
6673,Trillium Health Partners-Queensway
6674,Waypoint Centre for Mental Health Care-Provincial
6675,Women's College Hospital-AHF-Inpatient Unit
6676,Women's College Hospital-AHF-Inpatient Unit
6679,St. Joseph's Continuing Care Centre-Clarion Site
6680,Lake-of-the-Woods District-AHF-Pinecrest Home for the Aged
6681,St. Joseph's Continuing Care Centre-Clarion Site
6682,Lake-of-the-Woods District-AHF-Pinecrest Home for the Aged
6683,Lake-of-the-Woods District-AHF-Seven Generations Education Institute
6684,St. Joseph's Continuing Care Centre-Clarion Site
6685,Lake-of-the-Woods District-AHF-Seven Generations Education Institute
6686,Englehart and District Assessment Centre
6687,Casey House-AHF-Cafeteria & Activity Room
6688,Joseph Brant Hospital-AHF-Pandemic Response Unit
6689,Kirkland District Hospital
6690,Smooth Rock Falls Hospital
6691,Six Nations COVID-19 Assessment Centre
6693,Trillium Health Partners-Queensway
6694,Joseph Brant Hospital-AHF-Pandemic Response Unit
6695,Toronto East Health Network-AHF-Atrium at Kew Beach Retirement Residence
6696,Toronto East Health Network-AHF-Atrium at Kew Beach Retirement Residence
6697,St. Thomas Elgin General Hospital
6698,North Shore Health Network - Thessalon
6699,Temiskaming Hospital
6700,Muskoka Algonquin Healthcare-Bracebridge
6701,Erie Shores Healthcare
6702,Queensway Carleton Hospital-AHF-Park Place
6703,Dave Andreychuk Mountain Arena Assessment Centre
6704,Weeneebayko Area Health Authority-AHF-Northern College Moosonee
6705,Chatham-Kent Health Alliance-AHF-St. Clair College Thames Campus
6706,Chatham-Kent Health Alliance-AHF-St. Clair College Thames Campus
6707,Collingwood General and Marine Hospital-AHF-Royal Canadian Legion Branch 63
6708,Collingwood General and Marine Hospital-AHF-Royal Canadian Legion Branch 63
6709,Niagara Health System-AHF-Embassy Hotel
6710,Niagara Health System-AHF-Embassy Hotel
6711,Health Sciences North AHF-Monarch Recovery Services
6712,Casey House-AHF-Cafeteria & Activity Room
6713,Windsor Regional Hospital-AHF-St. Clair College
6714,Health Sciences North AHF-Monarch Recovery Services
6715,Peterborough Regional-AHF Evinrude Centre
6716,Peterborough Regional-AHF Evinrude Centre
6717,Peterborough Regional-AHF Evinrude Centre
6916,Wellington Assessment Centre-Harriston
6917,Akwesasne COVID-19 Assessment Centre
6918,North Hastings COVID-19 Assessment Centre
6919,Orillia Soldiers' Memorial-AHF-Lake Simcoe Retirement Residence
6920,Orillia Soldiers' Memorial-AHF-Lake Simcoe Retirement Residence
6921,Goderich COVID Cold Flu Care Clinic
6922,Rural Lambton COVID Cold Flu Care Clinic
6923,Trillium Health Partners-Mississauga
6924,Royal Victoria Health Centre-AHF-IOOF Seniors Home
6925,Royal Victoria Health Centre-AHF-IOOF Seniors Home
6926,Akausivik Inuit Family Health Team
6927,West Haldimand General
6928,Duncan McDonald Memorial Community Gardens Arena
6929,Listowel Memorial Hospital
6930,Brant Community COVID Cold Flu Care Clinic
6931,University Health Network-AHF-4 Points by Sheraton
6932,University Health Network-AHF-4 Points by Sheraton
6933,University Health Network-AHF-Bond Hotel
6934,University Health Network-AHF-Bond Hotel
6935,University Health Network-University Centre
6936,University Health Network-University Centre
6937,University Health Network - Bickle Centre
6938,University Health Network - Bickle Centre
6939,"COVID-19 CHEO Assessment Centre for Infants, Children & Youth"
6940,Queensway Carleton Hospital-AHF-Park Place
6941,St. Mary's General Hospital Assessment Centres
6942,Michael Garron Hospital Market Place Assessment Centre
6943,Tillsonburg District Memorial Hospital Assessment Centre
6944,Grand River Regional Covid Care Clinic
6945,Trillium Health Partners-RCC Church
6946,Peterborough Regional-Kinsmen Civic Centre
6947,Quinte Health-AHF-Quinte Gardens
6948,Quinte Health-AHF-Quinte Gardens
6949,Casey House Hospice
6950,Huron Perth Healthcare COVID Cold Flu Care Clinic
6951,Sanguen Mobile Bus Clinic
6952,Brightshores Health System-AHF-Harry Lumley Bayshore Arena
6953,Brightshores Health System-AHF-Harry Lumley Bayshore Arena
6954,"Sperling COVID-19, Cold and Flu Care Clinic"
6955,Ottawa Hospital-AHF-Focus Eye Centre
6956,Niagara Health System - Welland Hospital
6957,Alexandria Assessment Centre
6958,Clarington COVID-19 Assessment Centre
6959,"Huntsville Covid-19, Cold and Flu Care Clinic"
6960,Windsor Regional Hospital-St. Clair Assessment Centre
6961,Mackenzie Health-Urgent Care Centre
6962,Temagami Medical Centre & Family Health Team
6963,Wellington Assessment Centre-Fergus
6964,Coventry Road Drive Through Assessment Centre
6965,Huntsville COVID-19 Assessment Centre
6966,Ottawa Hospital
6967,Haldimand War Memorial COVID Cold Flu Care Clinic
6968,Hamilton Health Sciences-AHF-King St
6969,Hamilton Health Sciences-AHF-King St
6970,Hailebury Assessment Centre
6971,Norfolk General COVID Cold Flu Care Clinic
6972,Bruyère Continuing Care-AHF-Greystone Village
6973,Bruyère Continuing Care-AHF-Greystone Village
6974,Humber River Health-RCC Church and Multicare Kidney Clinic
6975,William Osler Health System-Peel Memorial Centre for Health & Wellness
6976,Downtown Oshawa Assessment Centre
6977,Norfolk General Hospital
6978,St. Josephs Healthcare Hamilton-AHF-King St
6979,St. Josephs Healthcare Hamilton-AHF-King St
6980,North Grenville Assessment Centre
6981,Scarborough Health Network-Scarborough General
6982,Rapids Family Health Team COVID Cold Flu Care Clinic
6983,St Josephs Healthcare Mountain COVID Cold Flu Care Clinic
6984,Northeastern Ontario Medical Offices
6985,Primacy Medical Centre
6986,Dubreuilville Medical CentreSatellite site
6987,Durham Paramedics
6988,Lennox and Addington Paramedics
6989,Ottawa Paramedics
6990,Cornwall Paramedics
6991,Queensway Carleton Hospital
6992,Mary Berglund Community Health Centre
6993,Hawkesbury General Community Testing Centre
6994,University of Ottawa Heart Institute
6995,COVID-19 Care & Testing Centre-Orléans Health Hub
6996,Shelter Health Network-St. Josephs Hamilton
6998,Mountain Testing Centre at Mohawk College-St. Josephs Hamilton
6999,Western University Student Testing Centre
7000,North Durham COVID Assessment Clinics
7001,Palmerston Medical Centre
7002,Kingston Health SciencesAHFFocus Eye Centre
7003,Connect Communities
7004,Anishnawbe Health Toronto Covid Testing
7005,Thorncliffe Park Temporary Testing Site #2-Jenner Jean-Marie CC
7006,Oakridge-Scarborough-Temporary Testing Site
7007,Toronto Paramedic Services Testing Centre
7008,St James Town Pop Up Site
7009,Taylor-Massey COVID-19 Outreach Centre
7010,Thorncliffe Park COVID-19 Outreach Centre
7011,Safe Haven/Community Living
7012,Vibrant Healthcare Alliance
7013,Community Paramedic Outreach Bluewater
7014,Bingham Memorial Hospital
7015,Whitby COVID19 Assessment Centre
7016,Rural Wellington Assessmet Centre
7017,London InterCommnity Health Centre
7018,"Black Creek COVID-19, Cold and Flu Care Clinic (Sheridan)"
7019,Windsor Regional-AHF-Windsor Surgical Centre
7020,Auduzhe Mino Nesewinong (Place of Healthy Breathing)
7021,University of Waterloo Testing & Assessment Centre
7022,Clinton Family Health Team Assessment Centre
7023,East York Community Centre
7024,Dennis R Timbrell Resource Centre
7025,Angela James Arena
7026,TNO Youth Centre
7027,Warden Woods Community Centre
7028,South Riverdale Community Health Centre
7029,Dorchester Terrace
7030,Fanshawe College Student Health Services
7031,London Health Sciences Testing Centre
7032,HGH Community Prescott Russell Paramedics
7033,Mackenzie Health-Cold & Flu Clinic
7034,Alexandra Hospital Ingersoll Assessment Centre
7035,Middlesex-London Paramedic Service Mobile COVID Site
7036,Hamilton Paramedic Services-St. Josephs Hamilton
7037,Queenston Place Retirement
7038,Wasaga Beach Regional Assessment Centre
7039,Lambton Public Health School Testing Centres
7040,Unison Health and Community Services
7041,Chartwell Elmira Retirement Home
7042,CMHA Peel Dufferin Mobile Health Clinic
7043,Region of Waterloo Mobile Testing Unit
7044,Four Corners Community Health Centre
7045,"Queen Square COVID-19, Cold and Flu Clinic"
7046,Georgina Nurse Practitioner Led Clinic
7047,"Dufferin-Caledon COVID-19, Cold and Flu Care Clinic"
7048,North Etobicoke Community TestingElmbank
7049,North Etobicoke Community TestingDixon Rd
7050,Black Creek CHC Pop-up Testing Sites
7051,Grand Wood Park
7052,Chartwell Royal Marquis Retirement Residence
7053,Anishnawbe Health Toronto Covid Testing
7054,Central Pickering Assessment Centre
7055,Chartwell Terrace on the Square Retirement Residence
7056,Redeemer University Student Health Centre
7057,Inner City Health Alliance
7058,Windsor Regional Hospital-Metropolitan
7059,West Community Care Clinic
7060,York Mills Community Care Clinic
7061,Almonte General Hospital
7062,Queensway Carleton Hospital-AHF-Park Place
7063,Village Manor Retirement Home
7064,Community Testing Site Ontario Health Central Region
7065,"Mississauga Health COVID-19, Cold and Flu Care Clinic"
7066,"Rexdale COVID-19, Cold and Flu Care Clinic"
7067,Trinity Village Studios-Retirement Home
7068,University of Windsor Assessment Centre
7069,Mount Dennis-Pop up Testing
7070,Rockcliffe Smythe Pop up Testing
7071,COVID 19 Testing Clinic Innisfil
7072,Weeneebayko Area Health Authority-AHF-Northern College Moosonee
7073,Weeneebayko Area Health Authority-AHF-Northern College Moosonee
7076,Toronto East Health Network-AHF-Beach Arms Retirement Residence
7077,Toronto East Health Network-AHF-Beach Arms Retirement Residence
7078,Women's College HospitalMobile Teams
7079,Village at St. Clair
7080,Court at Laurelwood
7222,SickKids COVID-19 Testing Centre
7223,Holland Bloorview Kids Rehabilitation Hospital
7224,Albany Retirement Village
7225,St. Angela's Meadow Retirement Lodge
7226,Victoria Place
7236,Scarborough Health Network-Centenary
7237,Sinai Health System Mobile Testing
7238,Unity Health-St. MichaelsMobile Testing
7239,Sunnybrook-Mobile Testing
7240,North York General-Mobile Testing
7241,Humber River Hospital-Testing Centre
7242,University Health Network-Toronto Western
7243,Toronto East Health-Mobile Testing
7244,Unity Health St. Joseph's-Mobile Testing
7245,Parkdale Queen West Community Health Centre
7246,Salvation Army Toronto Grace Health Centre
7247,Holland Bloorview Kids Rehabilitation Hospital
7248,Runnymede Healthcare Centre
7249,Durham Manor-Pickering CAC
7250,Parkdale Queen West CHC-Waterfront Pop-up
7251,Oneida COVID-19 Assessment Centre
7252,Hamilton Wentworth Detention Centre
7253,"Dr. Tara Walker, Primary Care"
7254,Village of Wentworth Heights
7255,SHN Covid-19 Assessment Centre-Birchmount
7256,Caroline Place Retirement Residence
7257,Chartwell Kingsville Retirement Residence
7258,Monarch Memory Care
7259,Delrose Retirement Residence
7261,Timmins & District-AHF-St Mary's Garden Retirement Home
7262,Timmins & District-AHF-St Mary's Garden Retirement Home
7263,Timmins & District-AHF-St Mary's Garden Retirement Home
7264,Cambridge Memorial-AHF-Tri-City Colonoscopy Clinic
7265,Lakeridge Health-Whitby
7266,"Southlake COVID-19, Cold and Flu Clinic"
7267,Ottawa Hospital Clinical Assessment Centre
7272,Danforth-Pape COVID Outreach
7273,Health Sciences North-Amberwood Retirement Home
7274,Health Sciences North-Amberwood Retirement Home
7275,"Keswick COVID-19, Cold and Flu Care Clinic"
7276,Hôpital Montfort-AHF-Ottawa Gastrointestinal Institute
7282,Guelph General-AHF-Clear Vision Surgical
7286,"Hurontario COVID-19, Cold and Flu Care Clinic"
7288,Waterfront Communities-The Island Testing Centre
7289,The Annex Testing Centre
7290,Stockyards District Testing Centre
7300,West Elgin Community Health Centre
7301,Keelesdale Eglinton West COVID-19 Pop-Up
7302,Ridley College Student Health Services
7303,Dr James E. Williams MPC
7304,"Barrie Family Medicine COVID-19, Cold & Flu"
7305,"Milton Covid-19, Cold and Flu Clinic"
7306,MyHealth Community Testing Site
7307,SOAHAC Chippewa Assessment Centre
7308,London InterCommnity Health Centre
7309,Mackenzie Health-Cortellucci Vaughan Hospital
7310,Lawrence Heights Pop up Clinic
7311,Sawmill Creek
7312,MyHealth Centre
7313,Neighbourhood Pop Up Testing Clinic-Victoria Hills
7314,Neighbourhood Pop Up Testing Clinic-Kingsdale
7315,Vaughan CHC Community Testing Centre
7316,Good Shepherd-Mobile Service
7317,Sunshine Centre
7318,CareFirst Community Testing Sites
7319,"Covid, Cold & Flu Care @ Hurontario Street"
7320,VHA Home HealthCare In-Home Testing
7321,Regent ParkFred Victor CRC
7322,Etobicoke UCC COVID-19 Testing Site
7323,Aamjiwnaang Health Centre
7324,Guelph CHC COVID Outreach
7325,Kettle & Stony Point First Nation Health Centre
7326,Walpole Island Health Centre
7327,Carefirst One-Stop Multi-Services Centre
7328,Black Creek CHC Community Testing Site
7329,Carefirst Markham Presbyterian Church Testing Site
7330,Islamic Society of Markham-Community Testing Site
7331,Southwest Ottawa Covid-19 Assessment Centre
7336,Ottawa Hospital-AHF-Extendicare West End Villa
7337,Ottawa Hospital-AHF-Extendicare West End Villa
7338,Sunnybrook Health Sciences-AHF-Mobile Health Unit
7339,Sunnybrook Health Sciences-AHF-Mobile Health Unit
7342,St. Mary's General-AHF-TLC Waterloo
7343,The uOttawa COVID-19 Assessment Centre
7344,Hamilton Health Sciences-AHF-Mobile Health Unit
7345,Hamilton Health Sciences-AHF-Mobile Health Unit
7346,LAMP Community Pop-Ups
7349,Providence Care Hospital-Transitional Care Unit
7355,Pickering Chestnut Hill Covid Assessment Centre
7356,Access Alliance Multicultural Health & Community Services
7357,St. Josephs Hamilton-McMaster Assessment Centre
7358,Health Sciences North-HSN Lodge
7359,Health Sciences North-HSN Lodge
7360,Unity Health Toronto-Kensington Health
7361,University Health Network-AHF-Kensington Screening Clinic
7362,Black Creek Community Health Centre - San Romanoway Site
7363,Flemingdon-Gateway Outreach Centre
7364,Gerrard Square Outreach Centre
7365,Shoppers World Outreach Centre
7366,Central Park Drive-Chinguacousy Park
7367,Kingsway Drive In
7369,East Ottawa Kids COVID Care Clinic
7370,Old South Thames Valley FHT
7371,Whitehills-Thames Valley FHT-Carlington Heights
7372,Kinoak Arena
7373,George Street Public School
7374,St Jean de Brebeuf
7375,Flower City Lawn Bowling Club
7376,"Mississauga Medical Arts COVID, Cold & Flu Clinic"
7377,Mohawk College Health and Wellness Centre
7378,Midland Covid Assessment Centre
7379,"Pearl Medical Group COVID, Cold & Flu Clinic"
7380,FH Health-Milton District Hospital
7381,COVID-19 Testing Clinic Burlington
7382,Bourget Centre de dépistage Covid-19
7384,Toronto East Health Network-AHF-Don Mills Surgical Unit
7385,"COVID, Cold & Flu Care Clinic @ Milton"
7387,COVID-19 Pop-Up Testing Clinic-Collingwood
7388,COVID-19 Pop-Up Testing Clinic-Wasaga Beach
7389,COVID-19 Pop-Up Testing Clinic-Sunnybrook Health Sciences
7390,COVID-19 Pop-Up Testing Clinic-Sheridan Mall
7393,Caledon Centre for Recreation and Wellness-Bolton
7394,COVID-19 Pop-Up Testing Clinic-Georgetown Hospital
7397,St Joseph's Healthcare Hamilton-Covid Care Clinic
7398,Niagara Health COVID-19 Clinical Assessment Centre
7402,Kensington Chinatown
7403,Trinity Bellwoods
7408,Sunnybrook Health Sciences-AHF-Don Mills Surgical Unit
7413,"Oakville COVID-19, Cold and Flu Care Clinic"
7414,South Parkdale
7415,Cecil Community Centre
7420,St James Town Wellness Clinic
7421,Regent Park/Moss Park Wellness Clinic
7424,"Gateway Community Health Centre-COVID, Cold & Flu Clinic"
7425,Belleville & Quinte West Community Health Centre-COVID Cold & Flu Clinic
7429,Respiratory Diversion Clinic
7430,North York Family Health Team - CCFCC
7431,"HGMH COVID, Cold and Flu Clinic"
7433,"UHN-COVID-19, Cold & Flu Care Clinic"
7434,CSC de l'Estrie/Bourget
7435,Ottawa Hospital Dialysis Clinic-Baseline
7436,Ottawa Hospital Cornwall Dialysis Clinic
7437,Four Villages
7438,UNISON Lawrence Heights
7439,Covid Cold and Flu Care Centre-Welland
7440,Quest COVID Cold Flu Care Clinic
7441,Virgil Medical Centre-Niagara North FHT
7442,Niagara North Family Health Team-St Catharines
7443,Kincardine Family Health Team
7444,Lennox and Addington County General-Respiratory Clinic
7445,Courtice CAC/ILI clinic
7446,Women's College Hospital
7448,William Osler-AHF-Uptown Eye Specialists
7450,East Elgin Family Health Team
7451,Central Community Health Centre
7452,Fergus After-Hours Clinic
7453,Southlake Regional Health Centre-RCC Finch
7454,North York Community House
7455,CIBC Just For Kids Clinic
7456,"Bramalea Covid, Cold & Flu Care Clinic"
7457,UNISON Humewood Cedarville
7458,Hôpital Montfort-AHF-Beacon Heights
7459,St. Mary's General-AHF-Vision Group Canada Lasik MD
7460,Queensway Carleton-AHF-Ottawa Gastrointestinal Institute
7461,Hôpital Montfort-AHF-Beacon Heights
7462,Inner City Health Associates
7463,Headwaters Health-AHF-Uptown Eye Specialists
7464,Headwaters Health-AHF-Clarity Eye Institute
7470,"Cold, Flu and Covid Clinic"
7472,Ottawa Hospital-AHF-Bearbrook Retirement Living
7473,Ottawa Hospital-AHF-Bearbrook Retirement Living
7480,Salvation Army Toronto Grace-AHF-McNicoll Manor
7481,Salvation Army Toronto Grace-AHF-McNicoll Manor
7482,Salvation Army Toronto Grace-AHF-Queens Estate Retirement
7483,Salvation Army Toronto Grace-AHF-Queens Estate Retirement
7494,Royal Victoria Regional Health Centre-AHF-Barrie Surgical Centre
7510,University Health Network-Rumsey Centre
7510,University Health Network-Rumsey Centre
7520,Lakeridge Health-Jerry Coughlan Health & Wellness Centre
7524,Muskoka Algonquin Healthcare-Huntsville
7534,Sunnybrook Health Sciences-AHF-Kensington Eye Institute
7544,University Health Network-West Park Healthcare
7545,University Health Network-West Park Healthcare
7546,University Health Network-West Park Healthcare
7547,Huron Perth Healthcare Alliance-Clinton
7548,Huron Perth Healthcare Alliance-Clinton
7549,Huron Perth Healthcare Alliance-Clinton
7550,Huron Perth Healthcare Alliance-St. Marys
7551,Huron Perth Healthcare Alliance-St. Marys
7552,Huron Perth Healthcare Alliance-St. Marys
7553,Huron Perth Healthcare Alliance-Seaforth
7554,Huron Perth Healthcare Alliance-Seaforth
7555,Huron Perth Healthcare Alliance-Seaforth
7556,Huron Perth Healthcare Alliance-Seaforth
7557,Huron Perth Healthcare Alliance-Stratford
7558,Huron Perth Healthcare Alliance-Stratford
7559,Huron Perth Healthcare Alliance-Stratford
7560,Huron Perth Healthcare Alliance-Stratford
7561,Huron Perth Healthcare Alliance-Stratford
7577,Southlake Regional Health Centre-RCC Finch
